﻿{"cameraMode":{"drawMode":0,"name":"Shaded","section":"Shading Mode"},"sceneLighting":true,"audioPlay":false,"sceneViewState":{"showFog":false,"showMaterialUpdate":false,"showSkybox":false,"showFlares":false,"showImageEffects":false,"showParticleSystems":false},"in2DMode":false,"pivot":{"x":-2.157531499862671,"y":0.7282423973083496,"z":-3.665968418121338},"rotation":{"x":0.03785853832960129,"y":-0.9486100077629089,"z":0.12450181692838669,"w":0.28845301270484927},"size":10.926608085632325,"orthographic":false}