﻿{"cameraMode":{"drawMode":0,"name":"Shaded","section":"Shading Mode"},"sceneLighting":false,"audioPlay":false,"sceneViewState":{"showFog":false,"showMaterialUpdate":false,"showSkybox":false,"showFlares":false,"showImageEffects":false,"showParticleSystems":false},"in2DMode":false,"pivot":{"x":-0.013499975204467774,"y":1.4565091133117676,"z":0.1325092315673828},"rotation":{"x":0.10584850609302521,"y":-0.7901176810264587,"z":0.14255347847938538,"w":0.5866759419441223},"size":25.709871292114259,"orthographic":false}