﻿{"cameraMode":{"drawMode":0,"name":"Shaded","section":"Shading Mode"},"sceneLighting":false,"audioPlay":false,"sceneViewState":{"showFog":false,"showMaterialUpdate":false,"showSkybox":false,"showFlares":false,"showImageEffects":false,"showParticleSystems":false},"in2DMode":false,"pivot":{"x":-0.013499975204467774,"y":1.4565091133117676,"z":0.1325092315673828},"rotation":{"x":0.11373895406723023,"y":-0.8476768136024475,"z":0.20205801725387574,"w":0.47715842723846438},"size":25.709871292114259,"orthographic":false}