﻿{"cameraMode":{"drawMode":0,"name":"Shaded","section":"Shading Mode"},"sceneLighting":false,"audioPlay":false,"sceneViewState":{"showFog":true,"showMaterialUpdate":false,"showSkybox":false,"showFlares":true,"showImageEffects":true,"showParticleSystems":true},"in2DMode":false,"pivot":{"x":-1.1658363342285157,"y":0.782198429107666,"z":2.1110715866088869},"rotation":{"x":0.16484904289245606,"y":-0.38734954595565798,"z":0.07060999423265457,"w":0.9043225646018982},"size":27.41600227355957,"orthographic":false}