﻿{"cameraMode":{"drawMode":0,"name":"Shaded","section":"Shading Mode"},"sceneLighting":false,"audioPlay":false,"sceneViewState":{"showFog":false,"showMaterialUpdate":false,"showSkybox":false,"showFlares":false,"showImageEffects":false,"showParticleSystems":false},"in2DMode":false,"pivot":{"x":-0.013499975204467774,"y":1.4565091133117676,"z":0.1325092315673828},"rotation":{"x":0.004465427715331316,"y":-0.9950002431869507,"z":0.05228622257709503,"w":0.08497504889965058},"size":25.709871292114259,"orthographic":false}