﻿{"cameraMode":{"drawMode":0,"name":"Shaded","section":"Shading Mode"},"sceneLighting":false,"audioPlay":false,"sceneViewState":{"showFog":false,"showMaterialUpdate":false,"showSkybox":false,"showFlares":false,"showImageEffects":false,"showParticleSystems":false},"in2DMode":false,"pivot":{"x":-0.013499975204467774,"y":1.4565091133117676,"z":0.1325092315673828},"rotation":{"x":-0.0015112812398001552,"y":-0.9982079267501831,"z":0.05245451256632805,"w":-0.028761526569724084},"size":25.709871292114259,"orthographic":false}