﻿{"cameraMode":{"drawMode":0,"name":"Shaded","section":"Shading Mode"},"sceneLighting":false,"audioPlay":false,"sceneViewState":{"showFog":true,"showMaterialUpdate":false,"showSkybox":false,"showFlares":true,"showImageEffects":true,"showParticleSystems":true},"in2DMode":false,"pivot":{"x":-0.013500034809112549,"y":1.7895548343658448,"z":-0.09910964965820313},"rotation":{"x":0.07115484774112702,"y":-0.6929720044136047,"z":0.06904791295528412,"w":0.7141143083572388},"size":23.229578018188478,"orthographic":false}