﻿{"cameraMode":{"drawMode":0,"name":"Shaded","section":"Shading Mode"},"sceneLighting":true,"audioPlay":false,"sceneViewState":{"showFog":true,"showMaterialUpdate":false,"showSkybox":true,"showFlares":true,"showImageEffects":true,"showParticleSystems":true},"in2DMode":false,"pivot":{"x":-0.013500034809112549,"y":1.870527982711792,"z":-0.09910964965820313},"rotation":{"x":0.07139897346496582,"y":-0.879769504070282,"z":0.14000076055526734,"w":0.44867315888404848},"size":13.069073677062989,"orthographic":false}