﻿{"cameraMode":{"drawMode":0,"name":"Shaded","section":"Shading Mode"},"sceneLighting":true,"audioPlay":false,"sceneViewState":{"showFog":true,"showMaterialUpdate":false,"showSkybox":true,"showFlares":true,"showImageEffects":true,"showParticleSystems":true},"in2DMode":false,"pivot":{"x":-7.4056077003479,"y":-16.244604110717775,"z":23.827346801757814},"rotation":{"x":-0.3086654245853424,"y":0.09169206023216248,"z":-0.02990911342203617,"w":-0.9462683200836182},"size":40.81699752807617,"orthographic":false}