﻿{"cameraMode":{"drawMode":0,"name":"Shaded","section":"Shading Mode"},"sceneLighting":true,"audioPlay":false,"sceneViewState":{"showFog":true,"showMaterialUpdate":false,"showSkybox":true,"showFlares":true,"showImageEffects":true,"showParticleSystems":true},"in2DMode":false,"pivot":{"x":24.123117446899415,"y":-9.971755027770996,"z":10.901921272277832},"rotation":{"x":0.14679822325706483,"y":0.5435722470283508,"z":-0.09723008424043656,"w":0.8206862211227417},"size":32.18951416015625,"orthographic":false}