﻿{"cameraMode":{"drawMode":0,"name":"Shaded","section":"Shading Mode"},"sceneLighting":false,"audioPlay":false,"sceneViewState":{"showFog":true,"showMaterialUpdate":false,"showSkybox":false,"showFlares":true,"showImageEffects":true,"showParticleSystems":true},"in2DMode":false,"pivot":{"x":-0.013499975204467774,"y":1.870527982711792,"z":-0.0991055965423584},"rotation":{"x":-0.0472002848982811,"y":-0.8475615978240967,"z":0.0764872208237648,"w":-0.5230308175086975},"size":15.524887084960938,"orthographic":false}