﻿{"cameraMode":{"drawMode":0,"name":"Shaded","section":"Shading Mode"},"sceneLighting":false,"audioPlay":false,"sceneViewState":{"showFog":true,"showMaterialUpdate":false,"showSkybox":false,"showFlares":true,"showImageEffects":true,"showParticleSystems":true},"in2DMode":false,"pivot":{"x":19.433486938476564,"y":-32.77012252807617,"z":41.66470718383789},"rotation":{"x":0.2920458912849426,"y":0.23388320207595826,"z":-0.07388916611671448,"w":0.9244177937507629},"size":68.5053482055664,"orthographic":false}